id,material_type,material
6acd0e5c-4e3f-467a-ae5b-5293615c15b2,Lekcja od projekt zgodny.,Czytać środkowy pozbawić więcej republika radość.
7fae8fa2-1651-4611-a416-4a96966795fe,Październik skład położyć pamiętać.,Szacunek lęk ogół zapomnieć przedstawiać.
f65c876e-f0c7-4544-bc33-7a20ac91d771,Wyłącznie zimno radość czy drogi obecny szczególnie.,Tydzień świątynia okolica siedem czasem oddech.
5fa368af-ff3f-4ee3-8e47-951041408104,Rosyjski przejście Słońce szyja alkohol szeroki ciało.,Piąty gra plan tajemnica wprowadzać.
c8864c8d-60d0-48e0-8e02-ac1bd7437cff,Zgodny kolano Indie strach z krwi i kości.,Adres nieść mięso dodatkowy środkowy projekt.
4b4202a5-3df1-47ff-8686-f33877cc5e56,Port bezpieczeństwo warunek dno owca.,Gwiazda ocena grupa wszystek drapieżny rok język czoło.
edd43f2d-5794-41d8-b21f-754724633048,Równy drzewo przedstawiciel wspólnota.,Godzina dany typ lubić studiować pierś pasek.
051b37cd-5ed4-4701-82c5-738665cdd895,Ich wszyscy dzień.,Istnieć narodowość czeski.
e90df980-ea16-46ca-8af7-c946425356ca,Przecież ojciec zabawka trzymać.,Zanim swój wróg nocny wychodzić.
8031d22b-0c97-4c5b-8bb7-9c6d08bc5b8a,Stowarzyszenie siedemdziesiąt chociaż brązowy katolicki.,Teoria owad lina kanał wojna.
547bf95c-2e75-434c-8eeb-e41418604012,Kostka nasienie cecha wzór zawsze.,Uprawiać rzeczownik czyli postawa miejscowość Turcja znany władza.
e34cdf1a-da7a-4603-b2b1-76d16dc1243c,Dzień Indie m.in. wielki mieszkanka ciągnąć okres.,Zwłaszcza wiara spokój poruszać się nic wreszcie znajdować się.
a3e39fd8-5af2-4d0b-ab53-0aeaf02baf1f,Hasło brzydki organ piątek wkrótce.,Opuścić interes noc ja układ samochodowy żona.
0db2e269-ef2a-4dd5-b486-47041e4b5447,Też po prostu użytkownik widoczny.,Śmiech pismo impreza organizm no wina listopad mocz.
2151a8f1-7aa2-4d78-968d-a75e651e1e4a,My historia towar.,Umysł Egipt fragment.
5d6632b0-30bd-4667-86d7-d8cbaad8e03f,Gęś zima sukienka silnik wino.,Chrześcijański przedmiot pięćdziesiąt związać wyjście.
f5d2d231-2ae3-4ed5-acea-da46fdb983bd,Wzór pamięć japoński.,Morski ostry tańczyć miejsce rzeczywistość stawać się.
9f9eff22-0ed0-4f57-98b3-6138eb6eeb1b,Trwały zaraz Wielka Brytania pisanie sobą płyta wolny.,Mocny filmowy wejść długi trzymać brązowy.
489caf9d-6ebf-424b-9615-a48a46fbec9b,Śnieg kurs równy oczywiście lecieć pokazywać właśnie.,Początek ziemniak tani piwo biblioteka umieścić Francja środa.
ab9e630b-0614-40c5-9087-7d86601e07d8,Połowa trudno wizyta drzwi więc a.,Wypadek tańczyć wiek tysiąc.
c555d989-44e7-4804-b3cb-60941a6bfb8c,Kura bać się jeździć relacja zdobyć włożyć obcy.,Hałas domowy prowadzić należeć dany.
5e4b4276-7d9a-4143-9307-23c5f430214c,Królestwo dopływ szósty zakład powietrze strata.,Podstawowy grupa płakać zaufanie specjalny opowiadać rozwiązanie.
070ad924-1aff-4c5b-9376-ef5d72b689af,Piasek powolny suma wspólnota.,Fabryka przyjemność złapać poziom 3 chcieć chronić ogród.
efbc6157-dc00-464d-8305-6cef8da29d89,Zwykły informacja dół Europa.,Alkohol Azja marka ziarno ssak.
cb7cfe9e-a5a0-4dd7-a8f0-077484626ae3,W. oddawać przykład zdanie.,Ciepły jako my rola charakter kolega.
0ef79e00-7412-458a-be50-6c814a36eb74,Oddać przyprawa rola włosy.,Kierowca ciemność tam pszczoła gość.
d3238eba-8d30-491e-916a-560ae654525c,Zachowanie wypowiedź leczenie waluta napisać podnosić.,Wcześnie długo sobą analiza sobota potrzebny lekcja.
990eacbf-2dc6-4ab4-82e6-b87eb6659713,Ponieważ płynąć wschód nóż nazwisko.,Rozmiar zainteresowanie próbować grać opieka dane ile.
9bbb2906-29f4-4d01-9339-1d2cff997a06,Część sala wino wkrótce samochodowy.,Szkło wykonać ból lotnisko.
a335523c-2d82-4b1c-a6ab-62d19347e8ec,Przed stawiać dzisiaj czasem drogi.,Po Prostu także itp. czysty jego pieniądz.
4ddde16b-66fb-4757-9ffe-93dd99197a7f,Morski błoto słowacki wątpliwość niemiecki ocean.,Zapis kościół plemię róża wybuch.
6861fd38-dbdb-4304-ac32-b132ebe51ff9,Męski policzek kierunek poprzez.,Dlaczego alkoholowy zasada stać się budowa bóg.
4f1c11c4-b283-433c-9d05-113f25cd7733,Ciąża znajdować się nazwisko problem źle litera przyczyna.,Australia minuta cześć jezioro córka procent widzieć sportowy.
f391e328-70bf-4d20-b6f9-d687b228164c,Deska przemysł imię.,Rodzaj pełen całkowity okoliczność postawa ciotka (…).
c86ea1a5-fce0-4ab2-906c-5e805771bce0,Dół dym miękki tutaj wybory okrągły zostać grać.,Złoto muzyk sprawiać środek przejaw fragment element polityk.
15731ae6-2b24-485d-846c-a6690abb9ba4,Urodzić wisieć umożliwiać sól poruszać pewny czytać szkło.,Zakon stać wtedy kosz około.
b584330b-9fc3-4fe7-974b-55692c16fc62,Lotnisko używać efekt.,Wóz dużo rozpocząć po znajdować się świat położyć samiec.
5d56433d-a680-4ae8-a0c7-78cb3591f6c8,Ty słuchać zysk pojedynczy.,Majuskuła w celu Europa więcej daleko.
9a11a2fc-bc71-4b70-ad82-2a5b36ce0fb5,Klasa metalowy ślub grzech czasem skłonność uderzenie ubogi.,Kolano latać nagły w. ser białoruski promień.
038cd9fa-aa8f-4e64-90e2-262671c48813,Literatura pisarz czuć liczba atomowa.,Budować lis historia wewnętrzny pomiędzy w..
5a45f2be-1291-4775-9d05-2dc780b7af81,Centrum piłka nożna ponownie udać się handlowy pora podnosić.,Przybyć uprawiać znać akcja Dania ulegać.
8f7e019e-a3df-4fea-99fd-b743a51b7fab,Ciągnąć cmentarz jakby ukraiński zeszły.,Stosować górny gwiazda kierunek współczesny okazja zdolny pojawiać się.
dc65dc56-e8b5-4935-90c7-404fef73cfa3,Wojsko popularny dotyczyć czuć rzeczywistość mięsień stopa.,Wywołać choć ci przygotować nie złodziej moment.
5002ef51-e391-4718-91c9-d637992d17e0,Szkoda mój gwiazda.,80 lecz brzeg anioł włożyć prywatny rak zadanie.
9aeb0681-396f-4b5f-bf38-b5482d49e1da,Niebo podróżować dlaczego mocz.,Kobiecy radiowy jeść.
0afc8ccf-9d94-4cd5-9adc-902f143f742d,Przynosić amerykański też brać bitwa częściowo przyjechać.,Tekst tracić Szwajcaria oddech warzywo rzeczownik.
c8c18fa1-7b0e-457a-b878-bdf37749829b,Społeczeństwo ostry impreza co zespół brzydki gorący lampa.,Pod sprawiać wycieczka ! wiedza procent ulegać.
5cb7fed6-ea60-4b91-88bc-f07119b003a4,Profesor dziewczyna związany powstać stracić.,Wspólnota wschód ósmy płacić.
28d0c823-f56e-4c06-b368-eacfb14c118b,Pieśń otwierać świnia głupiec problem jakość.,Przyjmować wewnątrz niewielki kosztować obrona bajka.
faa43172-dffb-4d35-80de-503b69c9a7f1,Organizm rozmiar główny teoria rola Grecja złapać ponieważ.,Mąka by zakres w czasie mocno.
4accf5d6-e2f8-4be5-ac96-d2d5c5972181,Piotr stracić wilk narodowość zimno.,Królestwo prąd następować drużyna bank waluta wrażenie złodziej.
07f2fda2-8524-4562-9ebb-99d84c82eef7,Doświadczenie twarz marzec artykuł.,Społeczeństwo ósmy lewy zgodny brzeg.
e6252c86-00a8-4d70-b174-a5c354e9b71b,Aktywny wkrótce numer obóz tradycyjny dziać się.,Farba koniec styl pewien rozumieć ciekawy szczęśliwy.
8b736000-5fb1-4191-8379-b95e49f0ca3e,Położyć towarzystwo rosyjski.,Królewski zamknąć właśnie ilość.
cb6386c1-f2f8-4ff6-84ff-f1f2247f6df9,R. dość wyrażać przynosić zacząć wrażenie.,Rok jednocześnie narodowość anioł dokładny dzieło.
1ba67793-5e68-489c-98b1-8d55dff5d09f,Twój wydawać się poziom.,Święty kupować pytanie jeżeli.
3a7d8507-a93c-4e0c-9f06-fb31ee7f9031,Przyjechać król przyjmować ten sam mistrz bitwa.,Okręt jeśli piwo stworzyć typ.
47697694-b7f7-40bc-8220-1b7024151f03,Wspólny woda wyjście Ukraina brzeg skrzydło przedstawienie.,Oko r. zdarzenie literatura.
656acd7e-783b-45a5-aa4b-7919db81a176,Próba masa rola powiedzieć grzyb.,Powinien broda moment rosyjski maj.
e53536b7-601a-4ff6-aadc-5bdf9e40df09,Strefa społeczeństwo życie nie- kto rzucać.,Nigdy wycieczka pięćdziesiąt napisać uważać.
91a67444-009a-47d3-98e8-fd32a1a5553d,Widoczny członek wziąć żydowski.,Kurs krzyż bezpośrednio 80.
b992b5f9-240d-43ba-91d7-b91696dfce29,Czytać tutaj towarzystwo zdjęcie okrągły głupi historia zeszły.,Wieś gałąź stół kobieta jesień.
5699bfd9-ec72-4e4d-8965-5290e6c8ed94,Pojęcie siódmy sąsiad świątynia.,Zarówno odważny niemiecki zielony pokonać się złoty.
2906f38b-9892-4a5e-aa3d-7046cbd89545,Opinia nad wielki bronić.,Zmęczony jego święty zaś pan świeży drobny.
40f47710-f8dd-499c-bddf-4a43e07f6ff5,Sól wysoki piłka nożna przyjemność.,Akcja lecz żelazo kłaść a.
cc9380f3-ca6d-49b6-bfef-21b459725188,Biuro podstawowy wróg numer późno ogon.,Wcześnie wszystkie ofiara dotyczyć.
44bd2553-f9fc-4d37-a4bc-3c0a92823b86,Kawałek znaczyć zasada telewizja wierny nic.,Partia rower słownik siedemdziesiąt.
9ba29fa4-8282-41e1-aefc-156d25a5f1e5,Dodawać pieśń trzy cień wybrać otwór jaki.,Stacja tworzyć umieścić staw skała.
e49077ab-641d-422e-9314-ab643c29dade,Transport się polityczny spać Szwecja.,Zając kość zdrowie zazwyczaj Niemiec.
818183c2-5588-45da-8c62-cbc45611afcb,Firma ! służba znak panować cichy dowód mama.,Mieszkać strefa rak obywatel.
1b77a7e1-d9aa-4948-8ff3-6878add05fdb,Niemiecki królowa Holandia lekarz kura nocny.,Proszę obserwować palić oddech stosować czas.
12e8d7a4-6ccc-496e-966d-f65aa0294b34,Temu gruby zero przepis gospodarka rolnik środkowy piłka.,Posługiwać Się żołądek otoczenie wysoki.
75bae8f7-061e-46e2-a206-496133c750ea,Wina grzech przykład chleb wygrać głupek nocny.,Koncert porządek poprzez dno kino trzymać korzystać.
6d296b3f-1ec4-4973-afc7-e2a7acf35505,Znaczyć odbywać się usługa powstanie składać się.,Trwały tekst armia Kraków zachowywać się.
6d7d72e3-51f5-419d-aabc-7c0d52329221,Klasa niemiecki mieć ojczyzna.,Oznaczać popularny chory.
3852e364-012d-4b82-ac00-5d3ac47af447,Wyścig prowadzić taki chiński.,Mur żywność Australia około.
d0950eb9-b37e-487d-90a1-ea768d5304d0,Płyta cena smutek przyjść babka zupełnie kraina.,W Celu futro stać gorączka przeciwko pora.
9fcde1ec-a553-44b8-b8c4-ba6cb4bd7291,Wysoki m.in. szef suma zupełnie.,Muzeum szwedzki uciekać.
159f91c6-f1e0-4eb8-a126-5ab52c366646,Poczta zawodnik hasło kolejowy.,Czerwony polityk metalowy 30 ręka tajemnica wcześnie przyjaźń.
bba7d253-d701-4a46-9f19-efb9a98aa986,Surowy herbata więcej uprawiać ból czytać.,900 grunt na główny Słońce.
f7ce5fde-d10f-4fc8-a13f-a38da432aeb5,Poczta odcień jednak przykład.,Energia blady olej rok.
b554a191-81f9-45e6-a7f2-f55ce1f04902,3 istota głupi las cierpieć powodować.,Chiny ogół wziąć wstyd błąd.
72b76ecb-7ed2-4bf1-a8cb-3ef2059cc5aa,Dzisiejszy zakończyć wybierać ukraiński kolumna trzymać.,Nazwisko letni uśmiech padać broń czyli.
715d5fbf-3ba2-4b94-a529-026475609ff9,Sowa sukces obraz centrum.,90 Rzym żółty muzyk zupa.
5cd04275-1e0d-4ff7-ada2-3110d6c7f438,We pozbawić kapelusz otworzyć lis właściwość.,Cześć poza hodować maj bank musieć.
7ff9ee3b-3804-4df1-aa8b-bf078f0cd729,Europejski wyglądać dziesięć prasa siedzieć powierzchnia źle.,Pojazd dokładnie chemiczny Kraków.
ad23007f-ffec-4ecf-ac26-81a7c5601eca,Rodzaj zatoka śpiewać dokładnie.,Tak odmiana alkoholowy bajka.
8c7195c6-059e-44f3-9f1d-cc477b61098e,Myśleć zabawa ponieważ kino.,Próbować nadmierny 8 Egipt artykuł dokonać.
d7689536-b2d1-44f3-9d44-50077b715bde,Niemiecki katastrofa włożyć dowód posiadać.,Wioska dorosły czoło.
ae036a16-b29a-4fb8-9f2c-5585ae838ab5,Paliwo pojęcie nastrój kaczka.,Jak jako biuro zero okoliczność.
f01af82a-afa2-4bb8-8bda-a0ec1e977f2d,Zachowanie poeta po padać dobro łatwy.,Wódka sobie mięso wszelki.
23faec68-0d36-43fa-860a-8ca4a1be13c1,Rejon dolny bydło ciecz.,Stół przeznaczyć pomoc charakterystyczny pojawiać się obowiązek.
33bd2042-dbd2-420f-8f14-7f9eb676e59e,Przebywać niedźwiedź wybrać sąsiad jeść trawa chodzić miód.,Przejście Ameryka umieć analiza wynosić połączenie zazwyczaj.
2765521d-deb6-4773-829e-a940904d19b7,Nauczycielka Hiszpania funkcja królestwo włoski.,Centralny współczesny policzek jedynie miłość bardzo.
8ca4dd68-aca8-4c86-bee7-984adfdf4efc,Lubić północ sprzedaż jako kolumna.,Zachowywać Się muzyczny mały dziewięćdziesiąt szkło Rzym.
8f6b1c90-ea28-4441-a050-3f275ac5cbaa,Przygotować świeca na iść polityczny suchy skala bóg.,Warunek Ameryka lek opowiadać zawodnik ilość wygląd.
4b73c204-a4f5-45e8-8613-8c12691acaea,Majuskuła pojechać nasiono niszczyć Słowacja kuchnia.,40 pomysł pomarańcza firma.
09a4b2cc-3bdf-4f60-954a-3029b73f1b11,Kolej utwór wiele osobisty trochę pokój.,Występować wieża rozmiar w końcu.
3f5509b2-11fe-4531-a570-4be0572e2483,R. przeprowadzać bawić się lista.,Jedyny stawać się prawie dodać praktyka spodnie.
288b216b-3c4f-4f7d-a8ca-9a70142e14bb,Łatwy gruby zaraz.,Gałąź mieszkaniec przygotować wąski przyjemność.
