id,name,catalogue_price,category,material_id,introduction_date
b3614e61-b983-4bf8-9ff2-ff8da684b38f,Żeby osiągnąć jednak bezpieczeństwo okres.,74,Jednocześnie walka klasztor radiowy spowodować doświadczenie postępowanie.,6fe5b0cd-79c6-4384-bbd9-681453abc27b,2002-03-27
95a255af-6dac-4e56-aaba-267eb6015c0d,Jakiś obchodzić organizm kolorowy charakterystyczny.,66,Piasek przejście do wieczór służyć żywy.,1439741a-8e09-45f5-8bfc-4030070068a5,2020-05-22
accd50eb-1efc-4195-a01d-acdea502a7c4,Podróżować piąty babcia 100.,18,Dziś również jabłko uznawać.,c221dc45-da9f-495d-8674-0877dbc6ec43,2009-04-25
87492d4b-f2e6-4ef1-a00b-d5b279a1474a,Wygrać angielski znaleźć skłonność nazwisko.,57,Zielony podać bohater prawy Hiszpania niebezpieczny pomoc podnosić.,4ef5b3aa-3573-4a9e-aa23-1d2fbaeac129,2012-02-02
079a50b2-ba9d-433e-8cf9-2a4b4094c9f0,Jechać korzeń złożyć stopień.,73,Niż południowy literacki katolicki bieg gorączka gatunek informacja.,d7c48141-23c6-40ac-9f34-26bf2b025bcd,2018-03-14
c6e405ad-4d35-4dfc-8f4d-9db4f8162419,Wierzyć lecz przyjmować wysokość kostka liczyć.,72,Dialekt grunt szacunek barwa hasło papież.,d6417447-965f-44a3-9fe6-6619c5c267ea,2021-07-21
17ef048b-1517-4bbe-9287-21a7b833bfcd,Niszczyć armia latać gotować podział rosyjski zachowanie.,28,Tu ramię od zdjęcie wymagać Kościół wypadek.,9fd0a905-41b4-47dd-91ce-c663ffb365f9,2016-05-05
c3f4b022-6359-46d9-ad19-3996c605dfe0,Czerwony łatwy wierny szkoda.,10,Republika ciąża doświadczenie specjalista.,6187413f-7859-4fcb-9602-ebe7f525d1b4,2004-06-30
c61c8dda-1472-4b34-8c03-11993d384249,Listopad katolicki bać się dorosły bliski wycieczka.,68,Przyprawa główny chcieć orzeł wobec rzeka kolor.,1bb8dbd4-8150-4166-a3b3-506f31dd618c,2001-08-29
c45b9d4b-8b06-426e-976f-d89939a3c983,Alkohol Chiny kierunek sen pytać informacja smak.,51,Jutro przypominać tu maszyna trzy posiłek.,ecf4fb4d-a712-42ba-bad3-ace4d762c7f3,2008-04-09
16d6a86b-568c-4082-af50-a9c96eea7b2a,Stacja aż plemię amerykański film słodki program broń.,83,Klucz pokój potrzeba danie pierwiastek.,62b4f740-50af-4f8c-9680-0fed8d7c41e5,2018-06-06
38a8f172-816e-4fdd-849f-ca64c6d8bb86,Raz zimny nazywać.,6,Płaski strumień śmierć temperatura pismo biblioteka dzisiaj posługiwać się.,50638544-8d81-48bb-ba14-ca0e2437239f,2003-06-06
82fc6923-093d-4273-aa9a-a90950e4fa72,Ciotka ostry szwedzki wciąż śpiewać blisko.,4,Dalej biskup pokój ciało wśród wyjście.,c4b31154-5864-4d97-9d4e-3f3f620ab95b,2018-04-17
76d0c9be-bae2-47cd-9717-0e58907e8e6d,Ogień dany warstwa ku dobrze wada hałas.,94,Budować chrześcijaństwo miłość pies rzymski wierny ziemski wniosek.,68cf05a8-0454-4df8-8014-e0892472321e,2000-04-21
2ea8192f-71d3-440f-97b1-3bbf5b80d76a,Rasa siedziba aż staw nosić Egipt.,67,Suma hasło pić mecz.,68cf05a8-0454-4df8-8014-e0892472321e,2020-02-29
84265389-8164-4018-928b-628a4b1e40e1,Afryka połączenie m.in..,48,Zamieszkiwać przyjaźń dziewczyna jakość kolejowy pięć treść.,530facc2-7479-4c4d-8135-fee090f90ad1,2003-10-23
68718779-9787-4d96-8c45-b73cfeed4117,Wniosek nie specjalista Anglia nauczycielka.,18,Część określać Niemcy znaczenie taniec dziś człowiek.,b10d8ec9-f19b-42e9-aec5-00efc585b302,2020-10-16
d351137d-3004-4beb-bca0-bd526373091c,Igła tablica jedzenie także.,25,Dobrze budynek pióro pojęcie dzięki późny świadczyć.,f60a3266-3a99-4909-a342-9393afd0bbdf,2010-11-04
cb9649ae-8e4e-4b0c-9796-a7eb0b3b12af,Daleki pojawiać się szkoda wrogość reakcja.,53,Cień urodzić obejmować zgodnie dany.,8557334b-e27b-4880-8611-2632395246f5,2000-05-31
0fc6fcb4-6d60-412f-a129-a2ee715871a4,Reguła pomagać filozofia ksiądz przyjść.,100,Wysłać chłop znać Chiny zapis odmiana port.,9fd0a905-41b4-47dd-91ce-c663ffb365f9,2005-10-11
6eceea98-44d3-4362-9939-0adbca24c302,Pić dziewięć jakby pieniądze gniazdo wypadek.,61,Mądry wydarzenie jednostka lęk kolej.,2d67e2d0-77ae-45a8-95fb-da0295a3dad9,2019-11-20
aa3d8f13-cff4-49dc-b400-e7febbbaf246,Majuskuła lub wydawać wątpliwość 6 figura pomysł metalowy.,57,Świeży cisza wynosić metalowy tysiąc kieszeń adres.,829b58c4-8da9-4c21-aa16-52be74c06676,2022-11-05
cc621397-02a9-43d0-bf55-786aec8f898a,Wskazywać dziewczynka wysyłać możliwość listopad.,39,Partia strach alkohol los stan ciasto.,6c659d0a-dcdc-4252-a37e-4b83eaafdb3f,2016-02-07
2777ed90-42fd-4d6e-8b55-8aedde352e18,Gwałtowny związany łaciński ból wchodzić dziura fragment szpital.,50,Ciąża przeszkoda położony uciekać spotkanie czerwiec oczywiście.,3d17b2ea-5bca-4f0d-8871-ab88e3424fc7,2004-04-25
d2560c30-0707-4e9b-bd3a-90c2775bb965,Ośrodek wspólny decyzja jeżeli.,77,Ponad obiad kamień połowa banknot 7.,67e24817-c1ca-45b6-88bb-f1aacd7174be,2020-10-03
7c91655b-4483-45e2-8e2e-9152b06f5748,Lampa ciągnąć trzydziesty.,17,Prezydent luty igła zawartość 1 wybrać.,67e24817-c1ca-45b6-88bb-f1aacd7174be,2002-03-12
d2c9d95f-5859-4c32-a484-ab96223bbd16,Mocno ja przyszły blady oba miesiąc.,88,Reguła temu następować zwrot projekt.,8bbf09c2-6620-46b8-9b6d-1082e9210c8d,2002-09-10
d8c1f0c1-1b38-4171-84e4-0e5332137249,Tekst wakacje grudzień wolno wielkość pomarańczowy.,93,Tłuszcz siedzieć skrzydło owoc ludowy ciągle.,f6595c47-f4b7-4f59-9a16-9b6fdcb25ea0,2010-05-07
3a97dad5-465a-4ee3-8338-68b87baefe89,Określać kij sądzić.,99,Chęć koszula sól wzór gwiazda gniazdo czasem 100.,54516760-206b-47ff-b6a3-5b0292ed2151,2008-02-07
8b7eb401-6a49-44ec-b04c-42689bac725b,Czasem śmiech artysta przyjąć zachód.,25,Zabawa chleb toponim dopiero bez toponim bieda przyjechać.,c221dc45-da9f-495d-8674-0877dbc6ec43,2018-09-03
4b66333f-e6f9-483f-9942-f7069e3bf6b6,Osobisty podnosić nazywać wiedza ciężki tłuszcz północny.,43,Kupić ciężki siedemdziesiąt posiadać.,072b765c-62ff-4c41-a3d6-af5999052b3a,2018-12-19
a5a65a67-764f-4546-8e62-b2304206ca5f,Przeszłość Słowacja zainteresowanie określenie dziki zwykły.,42,Ciężki kraj podstawa łaciński sto.,1439741a-8e09-45f5-8bfc-4030070068a5,2006-09-19
a66de506-69db-4c73-b6d6-f946cbf57241,Słownik list cebula za zaburzenie kupić jeść.,45,Pochodzić użytkownik sądowy publiczny sos brudny Europa.,68cf05a8-0454-4df8-8014-e0892472321e,2001-04-24
ba561144-92f1-446d-a6d4-8fd213d2c4bb,Pieśń podnosić roślina zamknąć pieniądz różny skończyć.,87,Śpiewać grunt mowa szacunek górny.,1439741a-8e09-45f5-8bfc-4030070068a5,2011-03-19
83466c13-86fb-46b5-b196-bd14966d7d9c,Holandia ponieważ zrozumieć pierwiastek naukowy rok miesiąc.,90,Wyłącznie powieść szczególny konstrukcja.,fcc274fe-1891-4adb-8b4a-36cd2e679c4c,2012-04-14
1325712f-fc36-4c27-b33c-c2fd20f45d7f,Metr ciężki brzeg pałac spokojny podział w czasie.,32,Cebula literatura naczynie córka smutny.,8557334b-e27b-4880-8611-2632395246f5,2014-01-07
e13c4f16-64ad-4bfe-a5b3-18c162d42932,Wizyta czekolada figura przygotować uważać.,10,Polityk pogoda zatrzymać jajo polityk szkodliwy.,485b0da7-6af8-4985-ab43-b89095e42269,2009-06-23
78920dec-9eec-4f38-bf2a-dd935623db18,Liczyć scena pod wzrok pisanie tkanina.,41,Archipelag kamień konstrukcja aktor bycie turecki parlament stary.,c7bcae3c-d501-4a92-91d8-6eb6414df5c6,2010-05-05
91273173-de76-465d-a862-6eee51f7d078,Się ból luty mąka pragnąć tracić.,49,Powiedzieć gardło piasek stworzyć wybór minuta.,54516760-206b-47ff-b6a3-5b0292ed2151,2016-03-05
64bf54d7-ee1e-42e8-a3ba-81c3cf8822a9,Teoria zmienić 10 ilość święto wycieczka ludzie siła.,45,Milion domowy śnieg jak organizacja żona Japonia niezwykły.,f6595c47-f4b7-4f59-9a16-9b6fdcb25ea0,2014-10-18
45b60a86-90c3-48aa-b399-74add9d020e2,Przestać żołądek myśleć otwór ryba dla pomarańczowy noc.,10,Miejski brzydki zbyt posiłek lista artykuł.,3e7e0087-37c2-4a12-bc32-33cd82226a2a,2007-02-15
d5b8501c-e474-4c5b-90ff-774b9609af6c,Kot siostra chronić możliwość r. można lekarz.,68,Wygląd anioł chrześcijaństwo znaczyć.,485b0da7-6af8-4985-ab43-b89095e42269,2002-04-24
ae034b70-c87d-4181-9cef-1853637cca33,Herb stanowisko ! porządek w końcu szukać.,28,Kolorowy cisza sześćdziesiąt gaz daleki pokryć wybory.,6c659d0a-dcdc-4252-a37e-4b83eaafdb3f,2006-11-24
d5a95a6a-3e8b-42f2-9fec-aab5695a1e33,Film cztery następny.,9,Zazwyczaj odważny wszystek matka.,829b58c4-8da9-4c21-aa16-52be74c06676,2000-03-03
43f774f0-b0ab-491f-8c39-89b885d89247,Świątynia właśnie przejaw Jezus.,93,Pierś zgromadzenie — wyraz informacja cukier.,dc08df98-9f0f-4214-bdf3-f76fc0362382,2022-06-16
c52dab36-b9b8-46f7-a514-4025ebefb7d5,Morski ogon mówić polski otrzymywać zwrot przyjemny.,61,Zwykle dyrektor móc położenie dział szczęśliwy.,59e8ebd3-3536-49ef-89d3-41b7122819b4,2002-01-01
c373f635-6211-45b1-a98f-0136de7fd1eb,Dostęp turecki Morze Śródziemne mężczyzna maszyna kolor.,9,Ciotka smak dziewczynka podatek charakter silny krótki złoty.,62b4f740-50af-4f8c-9680-0fed8d7c41e5,2022-09-19
fdd59b4d-060f-4a4e-bfd9-2b03c5a4f967,Norma linia ładny wytwarzać but albo polegać niektóry.,73,Chrystus orzeł zostać dziki strata tydzień strumień.,d7c48141-23c6-40ac-9f34-26bf2b025bcd,2006-02-23
db2b1a0e-6a95-4f5d-8cac-1a4387b0aef7,Dusza w ciągu walczyć przedstawiać specjalista tył.,68,Szklanka elektryczny wspólny żydowski obóz zasada stać się Izrael.,ecf4fb4d-a712-42ba-bad3-ace4d762c7f3,2002-04-12
63b72f6f-3a13-42ea-a04c-883ec7060b44,Ryba pamięć to okropny cierpienie nocny pełny.,32,Zakres żydowski Unia Europejska Grecja.,6d6b0050-5a02-4162-ab48-f24823d2eeb4,2012-08-08
8e5bb49e-688b-4712-b081-2079e5d48a8b,Dokładny państwowy zdolny.,93,Południe powstanie łyżka pragnienie.,d6417447-965f-44a3-9fe6-6619c5c267ea,2007-01-18
b3d0dfb5-f18c-4c28-8fb6-c5dbd8f84c91,Różowy oficjalny zakończenie godność myśleć muzyk Azja.,71,Uznawać w formie zawód wziąć kuchnia dziura wino.,6e58bdb8-4db0-4514-b051-9ca59e4795cc,2011-08-09
e3cab59e-9fbc-471f-8f90-3f3fe9d8fb13,Otwór ona mocno opinia pokój umieć minuta.,36,Świątynia skutek azjatycki półwysep pożar prosty bezpieczeństwo.,ae9db78c-1da8-47a8-83ac-c5b16e7a9f2c,2002-10-29
ec2d0eb3-8317-4981-b5f2-0788b02b60c0,Płynąć wcześnie fragment praktyka.,35,Pytanie itp. Ziemia odpowiedź zdrowie.,485b0da7-6af8-4985-ab43-b89095e42269,2001-09-28
8bb2cf90-efa3-44d2-8816-13d73392c04e,Tablica noga szkło lotnisko czerwiec.,10,Wybrać siedemdziesiąt sprzedaż szary siła tydzień 1000.,86f718b3-0fc3-4ac0-8683-e285ce11c943,2002-01-26
c83878e5-2c39-494d-8c6c-d211b0916b4b,Sąd zapalenie park tysiąc początek razem.,3,Trudny wysyłać siedzieć grób kolejny Egipt wąski bydło.,6c659d0a-dcdc-4252-a37e-4b83eaafdb3f,2022-12-03
05252d75-8f3c-450c-830e-23c8515ad802,Strach droga natura zmęczony.,78,Papier napój podobny cienki papieros koza.,dc08df98-9f0f-4214-bdf3-f76fc0362382,2015-08-12
7837d5ab-85d8-4dfe-9c2d-9fceeb51b5c5,Wycieczka lew zimno niedźwiedź miły.,20,Wygląd wrócić Chiny sos śnieg 30 m.in. postępować.,86f718b3-0fc3-4ac0-8683-e285ce11c943,2017-12-12
88f4e44c-2a82-433f-be3f-d55edbf57fc1,Płeć scena lecieć wóz.,97,Pieśń jeść wszystkie powieść wiedza określenie.,f0493f74-be0e-4018-9ad2-6b68d6dfdb95,2002-05-25
1025cc7d-c58c-4a0e-b320-a05b79ca99e2,Jego zboże brzydki grzyb zbiór jako.,47,Decyzja cześć zdjęcie drobny.,f038ad89-6f65-44a8-9c1c-c8d91b409992,2011-11-17
d6994c67-86b1-4381-b2ec-65801d2fbaa1,Liczyć szczęśliwy pacjent dziewczynka.,29,Ty film komputerowy odwaga podnieść.,08dd6e6a-3e90-40a6-bab1-9bb2ef741e07,2015-09-12
cbe5fe11-7b4a-428d-b5bf-4bae75ecf2a8,Umieszczać stopa wola pustynia telewizja.,74,Godność przeciw r. nic.,e00eb0e2-5745-46d4-bddd-2d1c5425c294,2018-06-15
06f8439e-0012-433e-9b2f-7689087f83f2,Miłość trzy Warszawa zapach dla blisko zazwyczaj.,81,Twój zero Afryka usuwać piłka wysyłać wynosić.,2440ee0c-7b11-442c-a762-8901699bf60a,2002-11-01
462a865f-a4fb-4825-8dfd-64bb2a369825,Z talerz okazja.,14,Trudny rządzić mapa oznaczać pojazd Grecja alkoholowy.,222c9332-5811-40f1-bfd7-2d3ef3e0687d,2004-08-27
9f2975f8-b50f-4b82-87ce-cccb55b585b8,Strona więzienie widzieć poznać.,76,Kończyć dzieło serce małpa sukces grudzień palec.,ae9db78c-1da8-47a8-83ac-c5b16e7a9f2c,2017-08-07
33da7d41-ad1c-4fd9-83e9-dc8a1417e99a,Domowy pająk mieszkać związany dziedzina koza myśleć stosunek.,44,Pojedynczy na przykład szczęśliwy handlowy masa mięso opłata.,5ee37aca-b997-45bb-9b6d-b7aa58afe95f,2017-02-28
6e1b2aae-1c85-4629-a21b-1a71c1217e7f,Pojedynczy postać ściana waga.,69,Pomidor wojskowy szlachetny zdrowie.,cb06b6d0-2e2f-402b-a572-6d5ff31482bc,2009-03-24
cc720334-6e52-45f9-81bd-d7ce0b6e53df,Obszar Dania wiedzieć nad polski świadczyć ze.,49,Pozwalać bok pole rok jakiś cisza.,f8b0ced5-99b1-4f34-a7b0-ebc07ae7487b,2005-08-29
5956ff5a-88b8-41a5-9d8d-05a91da64571,Na świeży ponownie ojciec zazwyczaj ssak zewnętrzny Ameryka.,40,Numer pół głupota pogoda czyli fizyczny męski.,c7e7c5c2-6b08-4d90-8f10-502916bd2809,2021-02-18
1c957c93-7b88-4a07-ad38-1f42b9010a61,Osoba wobec uzyskać drobny trwały wstyd program.,100,Od połączyć nie amharski oglądać abugida drzwi.,f0493f74-be0e-4018-9ad2-6b68d6dfdb95,2012-11-25
eedd83c4-b1ba-447e-91b4-3cd226452abf,Syn środowisko wykonanie wiersz liczba atomowa wspaniały.,21,Nad list obcy.,f6595c47-f4b7-4f59-9a16-9b6fdcb25ea0,2019-06-25
e627c0ee-68ef-4863-8e46-11ab90a2a5b9,Za Pomocą Morze Śródziemne bezpośrednio Węgry dziwny postawa zgodnie.,10,Zatoka przedstawiciel bóg płyta opieka cebula.,eeb7daec-7d77-437e-bc08-8306d63ada90,2012-09-22
9979ea4f-c56f-4d19-b071-691d3230998c,Słuchać gwałtowny pracować ostatni.,84,Uśmiech zysk przestępstwo mówić.,08dd6e6a-3e90-40a6-bab1-9bb2ef741e07,2007-10-12
5a67a511-585a-47ea-9ed7-c168891a57b6,Niż przyjemność by sto.,67,Lekki szkoła cel ser żywność przez mieszkaniec na przykład.,5ee37aca-b997-45bb-9b6d-b7aa58afe95f,2014-07-03
a42c335b-f1f3-4ccd-b823-9c0aa27e3dfd,Gałąź miecz szósty pokój Boże Narodzenie świecić równy niechęć.,42,Znak poważny król cień szkoda ogród prezent Rosja.,6187413f-7859-4fcb-9602-ebe7f525d1b4,2006-03-01
ffb3fe20-6c92-40a6-a331-9286365275f8,Mama instytucja podać lecz.,65,Stosunek uciec artysta główny.,86f718b3-0fc3-4ac0-8683-e285ce11c943,2018-07-03
b9b97994-61aa-405e-9c93-ec7a99eeea34,8 wzgórze prosić swój ogół przyjść dobro.,4,Szary miód itp. straszny zawierać Morze Śródziemne.,8bbf09c2-6620-46b8-9b6d-1082e9210c8d,2001-07-25
0af7142a-101a-4565-a96a-f87e116fde38,Żywność szyja wśród znać czynnik.,93,Wniosek a sól jeżeli środowisko porządek gniew.,f6595c47-f4b7-4f59-9a16-9b6fdcb25ea0,2000-05-04
c7573079-7f83-4720-89bb-06010747c2e3,Włochy dobry 20 wysłać widoczny broń przedstawiać.,12,Pogląd zgodny wśród zamknąć zgadzać się jedyny poziom.,3d17b2ea-5bca-4f0d-8871-ab88e3424fc7,2016-11-03
e3124a4c-b6b0-40a1-af25-a3fb060204f0,Kosz pomarańcza sam 2 głowa.,83,Tyle trzydzieści niszczyć więcej organizm.,c71442a3-bdcb-4917-99d5-9ef89306f8c4,2016-07-25
fb8cd05b-b33c-45f3-9aeb-676df8c7e92d,Ja własność rejon internetowy Szwecja poeta.,22,Ludowy koń waluta szkodliwy.,4389e0a2-57cf-414b-9b81-beddb3f33ca5,2004-03-28
09236325-ac76-4cae-bc01-fea709af6cdb,Imię wrócić słowacki poruszać.,72,Taniec substancja błąd poruszać udać się samochód policja.,d7c48141-23c6-40ac-9f34-26bf2b025bcd,2001-09-08
538586f7-8cb2-4878-a281-2a8fef04d7d4,Tyle zapalenie ślub gotować nasz.,95,Ósmy hiszpański naczynie użytkownik.,59e8ebd3-3536-49ef-89d3-41b7122819b4,2009-09-10
d98e8e6f-4fc2-4903-b4e1-6722776170ed,Wywodzić Się jutro składnik kto mleko.,55,Ludność pałac walczyć Chrystus.,98c181bb-af3b-43a8-acb6-48dbb9331b42,2014-04-24
9c774228-b09e-4fb1-9a79-e61f79cab497,Kara poduszka kostka wątpliwość wtedy warstwa.,33,Oś wciąż stopa pytanie nowy.,f5e3cc5e-79e7-46d4-9c9e-80cd22b22edc,2003-01-28
28d322b2-a98b-4d31-bc52-27fb2f823f50,Okolica gmina liczny babcia element - powinien dalej.,75,Wysoko ciepło rejon produkt.,ecf4fb4d-a712-42ba-bad3-ace4d762c7f3,2011-07-05
6fc775e6-5f6e-499e-a34b-17544a0064d1,Międzynarodowy pojechać stworzyć dla sprzedaż.,84,Wola trzydzieści bogactwo brzuch wizyta kwiat.,f8b0ced5-99b1-4f34-a7b0-ebc07ae7487b,2013-01-26
2e542ed8-3616-466f-a0a3-e51320d45cb9,Dzisiaj wyrażenie krzyż trwały pieniądze gotować.,53,Praktyka Afganistan uczyć pieśń.,f60a3266-3a99-4909-a342-9393afd0bbdf,2015-02-12
9a785e2f-8fee-405b-8d2f-599df20f7eb5,Indie tajemnica jeść wesoły operacja usuwać wóz głowa.,78,Róg śniadanie czyjś pełen ta lecieć.,30d06cb3-38fc-4b33-bdf2-95c7df8b7895,2007-01-04
40e3b1bb-baaf-4389-82d6-567a30e3d41a,Siedziba w końcu bieda z sieć moneta.,66,Choroba księżyc drzewo przyjmować.,eeb7daec-7d77-437e-bc08-8306d63ada90,2003-10-20
b2a48574-d855-4e43-8246-ee02902682ad,Odważny górski skutek gazeta jazda.,64,Komputer coraz szkolny następować.,c4b31154-5864-4d97-9d4e-3f3f620ab95b,2021-04-09
a2520ed0-ef8a-4930-8bd5-4e3463554f00,Katastrofa poduszka 6.,31,Udać Się połączyć październik pod samica.,fad3532e-b9fa-4553-a72e-6dd9c79ced33,2006-02-13
73d3a7c8-893c-4990-b4f0-f5e5eb36bae5,Kiedy kłopot czytać gruby chmura.,98,Lustro twardy zbyt oddech miesiąc lud medycyna.,076c2665-351b-4e80-a68d-f8c5c848acd7,2022-10-19
84ca24ef-9eb5-4715-9a57-590fde4dc48a,Nazwisko minuskuła budynek można umrzeć minuskuła liczyć.,5,Przerwa gdyby wkrótce zwłaszcza niechęć oznaczać.,c7bcae3c-d501-4a92-91d8-6eb6414df5c6,2017-03-16
3ca62893-e58f-494b-9fd9-e67d1365e7b2,Policjant służyć włos nagle nadzieja.,22,Chodzić cień dziewczynka.,f404fdcb-ff88-428c-82e0-4c6ef01ca7e5,2020-06-05
77c50eb1-2452-4c09-a276-d412cc3d6abb,Herbata cmentarz gdzieś wykonywać wrogi łąka średniowieczny uczeń.,72,Róża wieczorem nocny dokładnie trwały wniosek biec japoński.,f60a3266-3a99-4909-a342-9393afd0bbdf,2006-08-15
e118cd3d-63ee-46bd-9052-357c22d54844,Jeździć jakiś ryba metal.,54,Postać francuski urzędnik Belgia zdobyć przynieść.,da62662d-4b31-4098-b1ea-13cf60675492,2002-05-07
2ee704d8-ffe9-4789-a062-2bcea47f1276,Płacić czuć metalowy akt list osiem przypominać.,12,Piętnaście padać dodatkowy mocno wybuch.,c7bcae3c-d501-4a92-91d8-6eb6414df5c6,2015-01-29
6909ba98-b32b-45fe-811f-76e0282f55ef,Danie czerwiec odległość ale.,25,Grecki obszar godny karta piąty zajmować się -.,ea454d39-6d0c-4d02-9e52-8e50aec22da4,2003-01-19
5f8811b9-8826-43c6-a0ae-ef5687cceab0,Hotel wolność bronić wziąć głupek dziki uważać.,41,Sztuka jazda tamten sportowy ząb znaleźć wizyta.,f404fdcb-ff88-428c-82e0-4c6ef01ca7e5,2001-06-30
